,speeches,degree,indegree,weighted_indegree,outdegree,weighted_outdegree,betweenness,betweenness_weighted,pagerank,pagerank_weighted,request_value,gender,year
dunkle_stimmen,1,1.0,0.0,0.0,1.0,1.0,0.0,0.0,0.11582458599893525,0.11582458599893525,1.0,,1918
der_domorganist,73,4.0,2.0,2.0,2.0,3.0,0.25,0.25,0.26350034822839946,0.26350034822839946,0.0821917808219178,MALE,1918
georginel,51,2.0,0.0,0.0,2.0,2.0,0.0,0.0,0.11582458599893525,0.11582458599893525,0.0784313725490196,FEMALE,1918
die_mutter,44,2.0,2.0,2.0,0.0,0.0,0.0,0.0,0.23970852464188058,0.23970852464188058,0.0,FEMALE,1918
der_strolch,40,1.0,1.0,2.0,0.0,0.0,0.0,0.0,0.26514195513184985,0.26514195513184985,0.0,MALE,1918
