,speeches,degree,indegree,weighted_indegree,outdegree,weighted_outdegree,betweenness,betweenness_weighted,pagerank,pagerank_weighted,request_value,gender,year
diener_jose,27,1.0,0.0,0.0,1.0,1.0,0.0,0.0,0.17543839772251532,0.17543839772251532,0.037037037037037035,MALE,1917
mander,96,1.0,0.0,0.0,1.0,1.0,0.0,0.0,0.17543839772251532,0.17543839772251532,0.010416666666666666,MALE,1917
astarte,35,1.0,1.0,1.0,0.0,0.0,0.0,0.0,0.32456160227748454,0.32456160227748454,0.0,FEMALE,1917
der_herr_juwelier,23,1.0,1.0,1.0,0.0,0.0,0.0,0.0,0.32456160227748454,0.32456160227748454,0.0,MALE,1917
